{"cameraMode":{"drawMode":0,"name":"Shaded","section":"Shading Mode"},"sceneLighting":false,"audioPlay":false,"sceneViewState":{"showFog":true,"showMaterialUpdate":false,"showSkybox":true,"showFlares":true,"showImageEffects":true,"showParticleSystems":true},"in2DMode":false,"pivot":{"x":-54.24644470214844,"y":-1.6477172374725342,"z":33.31904983520508},"rotation":{"x":-0.026295240968465806,"y":0.4975844621658325,"z":-0.015093631111085415,"w":-0.8668854832649231},"size":70.53289031982422,"orthographic":false}