{"cameraMode":{"drawMode":0,"name":"Shaded","section":"Shading Mode"},"sceneLighting":false,"audioPlay":false,"sceneViewState":{"showFog":true,"showMaterialUpdate":false,"showSkybox":true,"showFlares":true,"showImageEffects":true,"showParticleSystems":true},"in2DMode":false,"pivot":{"x":7.526707172393799,"y":7.852577209472656,"z":10.788166999816895},"rotation":{"x":-0.0015804501017555595,"y":0.878675103187561,"z":-0.0029088936280459167,"w":-0.4774087071418762},"size":2.9555089473724367,"orthographic":false}