{"cameraMode":{"drawMode":0,"name":"Shaded","section":"Shading Mode"},"sceneLighting":false,"audioPlay":false,"sceneViewState":{"showFog":true,"showMaterialUpdate":false,"showSkybox":true,"showFlares":true,"showImageEffects":true,"showParticleSystems":true},"in2DMode":false,"pivot":{"x":-54.91115188598633,"y":-16.466585159301759,"z":33.157588958740237},"rotation":{"x":0.11617432534694672,"y":-0.4874137043952942,"z":0.06562050431966782,"w":0.8629168272018433},"size":70.24752807617188,"orthographic":false}