{"cameraMode":{"drawMode":0,"name":"Shaded","section":"Shading Mode"},"sceneLighting":false,"audioPlay":false,"sceneViewState":{"showFog":true,"showMaterialUpdate":false,"showSkybox":true,"showFlares":true,"showImageEffects":true,"showParticleSystems":true},"in2DMode":false,"pivot":{"x":1.055931568145752,"y":1.099112868309021,"z":-0.041146039962768558},"rotation":{"x":0.11975426971912384,"y":0.7176478505134583,"z":-0.1274968385696411,"w":0.6740809082984924},"size":4.8663835525512699,"orthographic":false}