{"cameraMode":{"drawMode":0,"name":"Shaded","section":"Shading Mode"},"sceneLighting":false,"audioPlay":false,"sceneViewState":{"showFog":true,"showMaterialUpdate":false,"showSkybox":true,"showFlares":true,"showImageEffects":true,"showParticleSystems":true},"in2DMode":false,"pivot":{"x":7.526707172393799,"y":7.852577209472656,"z":10.788166999816895},"rotation":{"x":0.07879321277141571,"y":-0.473484069108963,"z":-0.04257441684603691,"w":-0.8762373924255371},"size":2.9555089473724367,"orthographic":false}