{"cameraMode":{"drawMode":0,"name":"Shaded","section":"Shading Mode"},"sceneLighting":false,"audioPlay":false,"sceneViewState":{"showFog":true,"showMaterialUpdate":false,"showSkybox":true,"showFlares":true,"showImageEffects":true,"showParticleSystems":true},"in2DMode":false,"pivot":{"x":1.002838373184204,"y":1.0217952728271485,"z":1.680756688117981},"rotation":{"x":0.09339040517807007,"y":0.6459001898765564,"z":-0.0800619125366211,"w":0.7534463405609131},"size":4.8663835525512699,"orthographic":false}