{"cameraMode":{"drawMode":0,"name":"Shaded","section":"Shading Mode"},"sceneLighting":false,"audioPlay":false,"sceneViewState":{"showFog":true,"showMaterialUpdate":false,"showSkybox":true,"showFlares":true,"showImageEffects":true,"showParticleSystems":true},"in2DMode":false,"pivot":{"x":7.550000190734863,"y":2.009999990463257,"z":8.569999694824219},"rotation":{"x":-0.0950179398059845,"y":-0.6065930128097534,"z":0.07334179431200028,"w":-0.7858992218971252},"size":1.702780842781067,"orthographic":false}