{"cameraMode":{"drawMode":0,"name":"Shaded","section":"Shading Mode"},"sceneLighting":false,"audioPlay":false,"sceneViewState":{"showFog":true,"showMaterialUpdate":false,"showSkybox":true,"showFlares":true,"showImageEffects":true,"showParticleSystems":true},"in2DMode":false,"pivot":{"x":0.00004932284355163574,"y":0.0025779008865356447,"z":0.00003463029861450195},"rotation":{"x":-0.05855154991149902,"y":0.8810554146766663,"z":-0.11325203627347946,"w":-0.4555076062679291},"size":2.9555084705352785,"orthographic":false}