{"cameraMode":{"drawMode":0,"name":"Shaded","section":"Shading Mode"},"sceneLighting":false,"audioPlay":false,"sceneViewState":{"showFog":true,"showMaterialUpdate":false,"showSkybox":true,"showFlares":true,"showImageEffects":true,"showParticleSystems":true},"in2DMode":false,"pivot":{"x":-0.5389515161514282,"y":0.9230245351791382,"z":0.7489088177680969},"rotation":{"x":-0.1490698754787445,"y":0.4344397485256195,"z":-0.07315341383218765,"w":-0.8852620720863342},"size":5.766385078430176,"orthographic":false}